Model,Accuracy,Precision,Recall,F1-Score,Training_Time,Closeness
BERT,0.92,0.93,0.91,0.92,60,0.8048058983988963
RoBERTa,0.91,0.92,0.9,0.91,55,0.6278453250224455
GPT,0.9,0.91,0.89,0.9,65,0.5480589839889621
XLNet,0.88,0.89,0.87,0.88,70,0.3333333333333333
DistilBERT,0.89,0.9,0.88,0.89,50,0.21712927295533244
